timestamp,spot,pjp,njp
2019-01-01,3713.45,,
2019-01-02,3802.06,,
2019-01-03,3831.18,,
2019-01-04,3793.45,,
2019-01-07,4047.77,,
2019-01-08,3996.35,,
2019-01-09,4017.0,,
2019-01-10,3788.2,,
2019-01-11,3644.98,,
2019-01-14,3538.54,,
2019-01-15,3664.64,,
2019-01-16,3610.92,,
2019-01-17,3595.33,,
2019-01-18,3625.88,,
2019-01-21,3529.27,,
2019-01-22,3532.99,,
2019-01-23,3571.76,,
2019-01-24,3545.0,,
2019-01-25,3542.04,,
2019-01-28,3412.37,,
2019-01-29,3375.69,,
2019-01-30,3417.34,,
2019-01-31,3419.27,,
2019-02-01,3397.26,,
2019-02-04,3420.72,,
2019-02-05,3414.52,,
2019-02-06,3370.01,,
2019-02-07,3373.18,,
2019-02-08,3366.01,,
2019-02-11,3588.71,,
2019-02-12,3564.43,,
2019-02-13,3580.19,,
2019-02-14,3566.2,,
2019-02-15,3576.65,,
2019-02-18,3694.66,,
2019-02-19,3887.05,,
2019-02-20,3917.75,,
2019-02-21,3912.49,,
2019-02-22,3929.0,,
2019-02-25,3773.39,,
2019-02-26,3790.57,,
2019-02-27,3810.37,,
2019-02-28,3824.99,,
2019-03-01,3809.4,,
2019-03-04,3707.69,,
2019-03-05,3728.8,,
2019-03-06,3835.17,,
2019-03-07,3848.22,,
2019-03-08,3863.24,,
2019-03-11,3870.99,,
2019-03-12,3857.14,,
2019-03-13,3855.13,,
2019-03-14,3844.26,,
2019-03-15,3852.99,,
2019-03-18,3966.66,,
2019-03-19,3958.66,,
2019-03-20,3990.44,,
2019-03-21,4033.73,,
2019-03-22,3977.33,,
2019-03-25,3969.0,,
2019-03-26,3906.94,,
2019-03-27,3983.04,,
2019-03-28,4007.14,,
2019-03-29,4030.06,,
2019-04-01,4122.99,,
2019-04-02,4699.19,,
2019-04-03,4955.0,,
2019-04-04,5027.8,,
2019-04-05,4968.95,,
2019-04-08,5235.89,,
2019-04-09,5230.87,,
2019-04-10,5248.78,,
2019-04-11,5202.33,,
2019-04-12,5024.16,,
2019-04-15,5156.66,,
2019-04-16,5072.41,,
2019-04-17,5201.84,,
2019-04-18,5245.94,,
2019-04-19,5263.49,,
2019-04-22,5288.76,,
2019-04-23,5546.05,,
2019-04-24,5480.46,,
2019-04-25,5427.4,,
2019-04-26,5176.43,,
2019-04-29,5165.01,,
2019-04-30,5155.81,,
2019-05-01,5292.35,,
2019-05-02,5375.0,,
2019-05-03,5674.28,,
2019-05-06,5594.4,,
2019-05-07,5869.89,,
2019-05-08,5801.81,,
2019-05-09,6048.72,,
2019-05-10,6280.25,,
2019-05-13,7045.64,,
2019-05-14,7986.74,,
2019-05-15,7887.03,,
2019-05-16,7978.68,,
2019-05-17,7284.45,,
2019-05-20,7889.63,,
2019-05-21,7944.64,,
2019-05-22,7935.01,,
2019-05-23,7566.36,,
2019-05-24,7972.0,,
2019-05-27,8731.48,,
2019-05-28,8729.12,,
2019-05-29,8586.82,,
2019-05-30,8700.44,0.3471423878236566,-0.6807094743940558
2019-05-31,8268.82,0.6150801086548601,-0.420122744746358
2019-06-03,8460.15,-0.17058419005254155,-0.2677608188839691
2019-06-04,7931.56,-0.06272222884627476,-1.139405098491109
2019-06-05,7810.78,-0.06839960827090996,-1.0839619088525265
2019-06-06,7810.0,-1.607099226011964,1.2210317864025098
2019-06-07,7976.98,-0.5041058718585609,0.26535154248715065
2019-06-10,7718.79,-0.2747216660998506,0.39367001799785983
2019-06-11,7958.5,-0.22169016377869077,0.36582364192939343
2019-06-12,7977.91,-0.9533698216754416,2.301543572380726
2019-06-13,8131.76,-0.011369535407973252,0.3399784401649133
2019-06-14,8295.03,-0.7066257681730599,1.853206254174264
2019-06-17,9205.08,0.7735484848042562,0.7611337618154459
2019-06-18,9175.91,0.8821071224309547,0.8303843883372146
2019-06-19,9165.6,0.9049424985122632,0.8242978061062602
2019-06-20,9232.22,0.06480005053105375,1.666203491872625
2019-06-21,9727.01,1.2220958979071375,0.6999152230649308
2019-06-24,10876.37,2.1121369203259435,0.5488341395099257
2019-06-25,11290.78,1.4251085503352856,0.9870309892198841
2019-06-26,12610.86,1.3345318457471116,1.0369978124861845
2019-06-27,11873.74,0.0002764343375831757,-1.4549142193232e-06
2019-06-28,11653.74,2.8110262291293138,1.5523204296521302
2019-07-01,11096.63,-0.4672796346116961,-0.3607329894064213
2019-07-02,10185.98,0.8438788410292961,1.040164070765706
2019-07-03,11053.86,0.9823716064120438,4.777931278358369
2019-07-04,11782.17,0.9580321849080704,1.1155590995730131
2019-07-05,10894.98,0.3394647330056051,1.4046308398521603
2019-07-08,11782.99,0.615735211504334,0.8334053818564016
2019-07-09,12579.53,1.0425095090309702,1.202355030815375
2019-07-10,12945.41,1.8647272932248278,2.0115041358085968
2019-07-11,11445.17,0.027335523168960485,1.575881848602584
2019-07-12,11616.27,1.0925746451761782,0.41963113050961276
2019-07-15,10199.23,1.578595049079575,0.19203205236292042
2019-07-16,10828.17,0.11885065146705998,0.2063837566423823
2019-07-17,9519.67,-0.05390466856133447,-0.6428789415375666
2019-07-18,9725.1,1.7620250797179748,2.4352090203553622
2019-07-19,10377.94,-0.24280597188489939,-0.23804267093053966
2019-07-22,10552.06,0.06937112001205126,0.48330134034030614
2019-07-23,9940.32,0.10864804646842696,0.4797467310749184
2019-07-24,9737.04,0.346756115747036,0.509625126745572
2019-07-25,10093.78,-0.0030967583392946807,-0.0038491596534555583
2019-07-26,9790.28,0.503079061301837,0.43310607402909795
2019-07-29,9552.67,-5.902871831953149e-05,-9.524432176277742e-08
2019-07-30,9478.48,-0.6819750698225793,-0.7852482949691524
2019-07-31,9759.72,0.7203770513069374,1.288881181233942
2019-08-01,9981.34,-0.37574391660835316,-0.4180130299714149
2019-08-02,10515.01,-0.35160391370982236,2.153730304840915
2019-08-05,11772.99,0.3783422756514008,1.591323379426175
2019-08-06,12208.0,0.8053304590171639,1.3519275780064604
2019-08-07,11548.62,2.2355917787015525,1.3687174718749469
2019-08-08,11896.52,0.9369012424868641,1.1400265956825035
2019-08-09,11813.49,0.9390200291865018,1.2084061328314948
2019-08-12,11355.87,0.8289366647233019,1.08526732216178
2019-08-13,11323.48,0.8832667295086916,1.0786713438881126
2019-08-14,10413.05,0.4323350976485445,0.8599673363864251
2019-08-15,9817.55,0.314774007979413,0.565547616794297
2019-08-16,10055.17,0.4541440784219257,0.7346678749437463
2019-08-19,10693.0,-0.03924412444793468,-0.10400805584895689
2019-08-20,10696.73,0.10704047541429196,0.10180530198366178
2019-08-21,10154.49,0.40398347930299483,0.3922236032047248
2019-08-22,9919.99,0.3698814703037865,-0.004533791438168677
2019-08-23,10170.88,0.5532092109236624,0.21712226295185744
2019-08-26,10332.54,0.48900323480390373,0.37720763148734315
2019-08-27,10189.01,0.13905731251777498,0.18164683399801484
2019-08-28,10115.94,0.1188515244547268,-0.0005930173432338037
2019-08-29,9408.63,0.5576289635763176,-0.21072312500183932
2019-08-30,9521.84,0.4207640608812333,-0.1807892433917253
2019-09-02,9767.0,0.36532792797397406,-0.5730173521370938
2019-09-03,10371.74,0.2784390520487867,-0.32550724236829476
2019-09-04,10509.19,0.23125714669203745,0.19764593496875182
2019-09-05,10589.48,0.06628294995608419,0.5439403871113038
2019-09-06,10727.98,0.075222960889064,0.3724143729180258
2019-09-09,10142.16,0.0496212603810644,0.39954182358773327
2019-09-10,10259.21,0.1715291731441264,0.33560650668677927
2019-09-11,9992.08,0.09656669186769462,0.10994798091703228
2019-09-12,10143.14,0.10511640208642548,0.19704649750582215
2019-09-13,10306.82,-0.14411944168087376,0.8811708460913474
2019-09-16,10301.31,0.23187585203277794,0.321499844935381
2019-09-17,10171.06,-0.07057992017780657,0.3350607490086712
2019-09-18,10170.97,0.2954202146446969,0.4603076328554361
2019-09-19,9873.93,0.11642117313255274,0.17572667309929435
2019-09-20,10143.23,0.19617800307835498,0.323341869466373
2019-09-23,9926.08,0.19980472274024363,0.3059821522436732
2019-09-24,9711.28,0.4057618348932517,-0.5687919338099561
2019-09-25,8262.31,0.007910205883202126,2.3511715740109906e-05
2019-09-26,8410.49,0.039270001005115684,-0.19385648882084094
2019-09-27,8067.0,-0.6927346834108297,-1.8890035687685325
2019-09-30,7874.55,-0.1428429560101785,-1.7304362283674033
2019-10-01,8391.25,0.12070356072315769,-1.6975401088805115
2019-10-02,8253.0,-0.2961754348446928,-0.986564812420212
2019-10-03,8304.18,0.20541846651403062,-1.1641130012212573
2019-10-04,8098.56,0.15606033952820875,-1.2412752847013806
2019-10-07,7893.87,0.15571149647294913,-1.1067564297866084
2019-10-08,8172.71,0.11317393639734563,-0.9551899790975245
2019-10-09,8193.5,0.1922480424565547,-0.755777756570531
2019-10-10,8572.98,0.12444251089634217,-0.6025769333478985
2019-10-11,8362.22,0.10444604221929454,-0.7003784557539745
2019-10-14,8312.52,0.011761074052396903,-0.4793449881966023
2019-10-15,8289.07,0.07383201793768257,-0.7094476859347689
2019-10-16,8132.87,-0.05440220751139391,-0.5292556476490569
2019-10-17,8051.0,0.11443789065227283,-0.6377190505571859
2019-10-18,7878.09,-0.09793324792708213,-0.5036705346855779
2019-10-21,8228.6,0.07967100276120787,-0.533563049756951
2019-10-22,8265.01,0.039504361259501075,-0.4684266971579829
2019-10-23,7977.29,0.08551297301939453,-0.5026044386128872
2019-10-24,7466.5,0.05259498755328651,-0.716850927714747
2019-10-25,7457.98,-0.002060761036565051,-0.36358399972038447
2019-10-28,9374.18,0.3869543974903116,0.4235224912335869
2019-10-29,9430.21,0.2587018531689429,0.34326147147340214
2019-10-30,9200.41,-0.17889319043953789,0.47598918991644856
2019-10-31,9123.05,-0.11545633048664694,0.6378360063111552
2019-11-01,9157.07,-0.5843898524195064,-0.2807605708695218
2019-11-04,9157.53,-0.4170341376050595,0.24323098381698927
2019-11-05,9246.11,-0.21113057088518872,0.19024210163826005
2019-11-06,9412.79,-0.12077928236668178,0.539202052223281
2019-11-07,9246.41,-0.3910107693736089,0.29817421358160545
2019-11-08,9059.08,-0.7408117275784643,0.2289384467013058
2019-11-11,8751.61,-0.21770571197901512,0.13170792822069277
2019-11-12,8734.82,-0.09285352896161925,0.4071514289165732
2019-11-13,8764.75,0.10224561278003974,-0.007291426235278342
2019-11-14,8593.72,0.09241205323254031,0.08336182141302007
2019-11-15,8625.0,0.07870155625486452,0.18942921869695972
2019-11-18,8464.34,0.07826217630944843,-0.1603894040883025
2019-11-19,8150.0,-0.040391348218806744,-0.07465091755808295
2019-11-20,8076.62,-0.028849751465334306,-0.04372519742868031
2019-11-21,7905.16,0.2042078328575001,-0.223551026345588
2019-11-22,7511.56,0.04046847107539797,0.037391742245907134
2019-11-25,6720.0,-0.07216615546278282,-0.6202202272559196
2019-11-26,7163.1,-0.15039397920695796,-0.4164361960489247
2019-11-27,7030.96,0.142846498005472,-0.48269981403541085
2019-11-28,7516.59,0.04252567516374839,-0.16035951663184855
2019-11-29,7507.61,-0.4012363042635487,-0.05564116467158087
2019-12-02,7224.83,0.12498553823265723,0.4452503569660369
2019-12-03,7315.0,0.13170274552981653,0.3527689019719513
2019-12-04,7187.45,-0.010507859212071091,0.062242425776044996
2019-12-05,7320.97,0.10422769995349501,-0.030783137398662896
2019-12-06,7354.95,0.06084428950280274,0.4026922738453649
2019-12-09,7466.91,0.08335205508594723,0.018743157547605582
2019-12-10,7295.0,0.0485432350644861,0.07042207625338714
2019-12-11,7211.88,0.1263405609829924,0.01528569296572635
2019-12-12,7122.26,0.13201372531757705,-0.11683322560319276
2019-12-13,7200.57,0.00024355804864750752,0.03953800729786394
2019-12-16,7055.08,-0.11442445478325391,-0.22552757017931202
2019-12-17,6868.4,-0.14197567518598175,-0.40115424084268225
2019-12-18,6620.0,0.09650167982458702,-0.3862696611789984
2019-12-19,7076.98,-0.7908341006783572,-0.6078803662074783
2019-12-20,7128.16,-0.42208354185723174,-0.36701026791425795
2019-12-23,7534.35,-0.6538817684900107,0.07519956573079023
2019-12-24,7351.93,-0.5537473006444837,0.014524644461467062
2019-12-25,7246.06,-0.6124037755734177,-0.002838057907969649
2019-12-26,7214.21,-0.46770485578167964,-0.1395975729146528
2019-12-27,7175.13,-0.47597665512292164,-0.025623987638942136
2019-12-30,7348.8,-0.2396919008189684,0.03892299696125301
2019-12-31,7205.96,-0.23774792505485087,0.029753710678198653
2020-01-01,7181.99,-0.2814641536610527,-0.31301171631216573
2020-01-02,7122.05,-0.25194198682248814,-0.341337353329894
2020-01-03,7255.9,-0.27967822186439206,-0.2533939514026795
2020-01-06,7542.98,-0.4047798067818793,0.11799765224030079
2020-01-07,7880.52,-0.6495982693282438,0.1784677209182708
2020-01-08,8312.54,-0.506253938313002,0.35018754857826195
2020-01-09,7934.15,-1.0750703490311957,0.7166203567177485
2020-01-10,7698.01,-1.1155340195217214,0.9959928288227624
2020-01-13,8113.19,-0.9648735684959884,0.6073068519183336
2020-01-14,8505.0,-0.6715771085996307,0.77476811154149
2020-01-15,8621.61,-0.19359328587050983,0.670501451136674
2020-01-16,8656.05,-0.22882475947554282,0.6310229104130696
2020-01-17,8917.51,-0.19371067965725075,0.6051458529764142
2020-01-20,8626.38,0.010973727379883336,0.4792794729575838
2020-01-21,8639.02,-0.22495261217179108,0.5607081656642454
2020-01-22,8653.71,-0.10592041985245215,0.6948612901453539
2020-01-23,8480.0,-0.14966441468843494,0.46458906652461573
2020-01-24,8308.39,-0.1966635736258786,0.6224268169359406
2020-01-27,8581.91,-0.030182556819119633,0.3662443468390244
2020-01-28,8981.18,0.17844275345751925,0.3284771991074129
2020-01-29,9374.92,0.21713340187693797,0.27537832932732154
2020-01-30,9342.85,0.21306608065784216,0.3245146338919498
2020-01-31,9358.71,0.33012863586720553,0.44435116852122825
2020-02-03,9349.57,0.24763891183329845,0.4314498287001063
2020-02-04,9218.77,0.1659799620963196,0.30001545011005115
2020-02-05,9230.0,0.24156912869088631,0.33162236732302786
2020-02-06,9622.62,0.36859124749422234,0.46989838107348547
2020-02-07,9752.92,0.44124947526816594,0.4335548207233978
2020-02-10,9909.62,0.30808123828576883,0.5163776789315552
2020-02-11,9783.44,0.2895778332565837,0.4478082849689071
2020-02-12,10302.69,0.24860902478822156,0.6073807057339418
2020-02-13,10266.98,0.3259478296503029,0.4381475076090331
2020-02-14,10144.59,0.16920898842570953,0.1827767286936166
2020-02-17,9813.33,0.3288134284439064,0.4165542817894179
2020-02-18,9760.01,0.4092105926740659,0.2927353122732739
2020-02-19,10178.32,0.30239916641366094,0.2747508808811103
2020-02-20,9582.25,0.22957275827809198,0.33034315881145715
2020-02-21,9649.33,0.20877448769914153,0.37631057300428816
2020-02-24,9764.72,0.2353739916377311,0.07621541014208244
2020-02-25,9553.59,0.17099922031085146,0.16860557447488844
2020-02-26,9181.35,0.21704788789088192,0.1151593119070562
2020-02-27,8788.17,0.2034149555320368,0.3158469669723025
2020-02-28,8707.12,0.2182231103207677,0.40189014721814753
2020-03-02,8661.69,0.13175819304582337,0.11976147412547644
2020-03-03,8783.72,0.08878566474931637,0.23276601849007683
2020-03-04,8824.21,0.09450407875737854,0.1560748129162417
2020-03-05,8932.42,-0.0018351134364125166,0.2933213598052562
2020-03-06,9131.62,0.059676162226056206,0.37791058342202755
2020-03-09,7982.94,-0.178966958680987,-0.3287603548289799
2020-03-10,7905.0,-0.08351866939174757,-0.1968968024146649
2020-03-11,7834.91,0.011667480928825968,0.015219786870894536
2020-03-12,7373.21,-0.16117041827588174,-0.6617293773025403
2020-03-13,5360.85,,
2020-03-16,4897.17,-5.695902368774915,-10.412857942053183
2020-03-17,5307.4,-3.8436456613469607,-7.452116985584124
2020-03-18,5186.73,-2.488166033911768,-5.399533595214899
2020-03-19,5427.47,-1.9841543124483865,-4.896946934243483
2020-03-20,6621.98,-2.541232485289684,-5.097210224410738
2020-03-23,5784.67,-2.6424422595028334,-5.6101476225384825
2020-03-24,6745.1,-1.4014401845098652,-3.1684898099005236
2020-03-25,6806.61,-0.8972937888719725,-2.123717655874458
2020-03-26,6626.71,-1.837493345817255,-4.009976171915998
2020-03-27,6691.77,-5.644834413027183,-4.920810695190958
2020-03-30,6288.01,-3.8881329055020704,-3.728652531035282
2020-03-31,6501.65,-6.198844739446675,-3.4651823276658114
2020-04-01,6317.89,-4.5505942570074795,-2.221649636102123
2020-04-02,6667.2,-1.6673561118725475,-0.7138338148299876
2020-04-03,6933.75,-3.2693765781962374,-2.5414610691707162
2020-04-06,7054.72,-2.627024349913965,-2.2194880567138533
2020-04-07,7368.89,-2.7707356703474866,-1.412273040702245
2020-04-08,7297.58,-1.7423428691961607,-1.1543725358115253
2020-04-09,7344.33,-4.095451744791946,-2.4728012870432448
2020-04-10,6925.92,-2.7227162756102774,-1.3740614513264084
2020-04-13,6715.65,-2.030738832423736,-1.7061999193849564
2020-04-14,6795.19,-0.8574718831851995,-1.7697781490938516
2020-04-15,6854.31,-1.697995529059104,-2.743158224548484
2020-04-16,7050.01,-1.4061440340794469,-2.257759945095245
2020-04-17,7073.7,-3.0566381989113496,-2.886146693735255
2020-04-20,7161.77,-1.1705183428629509,-1.1644672637292905
2020-04-21,6875.75,-1.6337480987551212,-2.148309711851854
2020-04-22,6959.84,-1.5866542891052762,-2.209455653284557
2020-04-23,7087.06,-0.40982203824856045,-0.7858398576119372
2020-04-24,7562.12,-1.0061817823810348,-1.5517298500852363
2020-04-27,7714.62,-0.11439493490325803,-0.2574259855508778
2020-04-28,7697.23,-0.2949774197656254,-0.9164747988489159
2020-04-29,7953.69,-0.031566958979879045,-0.5570401008019705
2020-04-30,9122.93,-0.7753504475458919,-1.1094090668464838
2020-05-01,8804.96,-0.392267788844729,-0.4444727312930974
2020-05-04,8705.67,-0.18060038196620054,-1.1126402754149276
2020-05-05,9039.75,-0.8503622266319797,-1.1980755168760249
2020-05-06,9049.31,-0.3366057353361853,-1.5393612834631059
2020-05-07,9348.0,0.057467679426029594,-1.261594740720871
2020-05-08,9869.82,-0.5001535206916694,-1.1858908787984404
2020-05-11,8644.61,-2.586640617167574,-4.2340616687888195
2020-05-12,8748.79,-2.0824320169565214,-2.1878046524705668
2020-05-13,8914.86,-0.729333798104848,-1.4456897448035857
2020-05-14,9617.0,-0.922215601425858,-1.8312180727943606
2020-05-15,9611.81,-0.6470152045906383,-2.186359195180921
2020-05-18,9581.2,-0.33345212664591295,-2.1259751838268848
2020-05-19,9798.33,-0.961605925026856,-2.5991333765033633
2020-05-20,9774.31,-0.958529127083203,-2.3235617753019024
2020-05-21,9366.99,-0.4362401823431339,-1.9232475603891341
2020-05-22,9079.0,-0.6850361057041823,-1.9555307783191824
2020-05-25,8823.03,-0.6030790730612829,-1.758457102791918
2020-05-26,8963.47,-0.468120348091418,-1.5524777573285413
2020-05-27,8930.48,-0.3874557303245707,-1.4905459188370092
2020-05-28,9188.21,-0.12882402354222333,-1.0062735952380435
2020-05-29,9445.32,0.10287296826570969,-0.23962711971241513
2020-06-01,9532.56,0.46327677342508866,-0.38940139422200315
2020-06-02,10101.68,0.42183253154750977,-0.3149077258922368
2020-06-03,9505.87,-0.08509085686565898,-0.50804906622316
2020-06-04,9639.56,-0.05020098619879798,-0.24974162232969244
2020-06-05,9835.98,-0.032393389762269464,-0.0735112286007591
2020-06-08,9691.6,0.2510569414948902,-0.16638414701102544
2020-06-09,9685.03,0.016449492587900627,-0.3961897111772905
2020-06-10,9741.95,0.22703333031321682,-0.38626509964053257
2020-06-11,9805.26,0.3411456763923908,-0.5518831120687273
2020-06-12,9464.6,-0.22467915969654695,-0.3070580729481671
2020-06-15,9129.98,-0.2850801582540208,-1.1018533718791774
2020-06-16,9492.01,-0.22465376802462633,-0.7104627844657774
2020-06-17,9487.47,-0.21481146564515385,-0.7344148891997384
2020-06-18,9424.9,-0.2136851878078856,-0.6978953833909236
2020-06-19,9304.65,-0.18577477316610524,-0.6069226827891196
2020-06-22,9428.14,-0.098158746707117,-0.6404266767656206
2020-06-23,9608.17,0.03228509406920166,-0.49505361022074257
2020-06-24,9509.57,-0.04304452184385532,-0.5582676543816534
2020-06-25,9291.99,-0.1207476922039199,-0.7332578159976093
2020-06-26,9122.14,-0.15794344528340776,-0.6394432769020766
2020-06-29,9081.91,-0.18491415069259742,-0.510452289965952
2020-06-30,9128.87,-0.18807486959112452,-0.5163176341776812
2020-07-01,9171.09,-0.05452133454756658,-0.25421963964361427
2020-07-02,9210.71,-0.1097732725163677,-0.16591193925928516
2020-07-03,9099.88,-0.11665217321229082,0.006262397745318671
2020-07-06,9193.45,-0.04048585866608212,-0.13545270530792508
2020-07-07,9266.93,0.16809460943081878,-0.04821655328032359
2020-07-08,9281.41,0.21143404421565626,-0.060917666414173066
2020-07-09,9395.71,0.27276792298022645,-0.025947483662253523
2020-07-10,9167.55,0.06471120344344272,-0.04612759541754219
2020-07-13,9278.44,0.1163551697695413,-0.17531009689144317
2020-07-14,9191.54,0.0312857800393499,-0.26608743105567534
2020-07-15,9213.66,0.05131528680853237,-0.2727604417583779
2020-07-16,9110.66,0.03134795008076752,-0.38799334967076293
2020-07-17,9099.8,-0.04088521771566067,-0.336350781239913
2020-07-20,9185.7,-0.018307001992568184,-0.31743985589366486
2020-07-21,9311.76,-0.0011340763929594821,-0.22150349425482063
2020-07-22,9315.87,0.06190455310829135,-0.19442086339900866
2020-07-23,9530.31,0.0758767080818239,-0.17652528882419194
2020-07-24,9514.58,0.03119709957460115,-0.12033454765938167
2020-07-27,10177.78,0.392425843073533,0.3087525194962003
2020-07-28,10737.74,0.683082764256266,0.11700627585434797
2020-07-29,11134.07,0.43887220423630957,0.18518957325272534
2020-07-30,11014.04,0.03521273192161534,0.08816926466344222
2020-07-31,11135.02,0.3462157863531601,0.5464164055955338
2020-08-03,11195.11,0.4721594082137175,-0.009291143101977095
2020-08-04,11248.0,0.3688927227956811,0.057317623706945486
2020-08-05,11299.61,0.2932572057036833,0.018824630851687063
2020-08-06,11717.26,0.3731896382637987,0.11186180029559378
2020-08-07,11834.22,0.265685639218034,0.04563235095309315
2020-08-10,11988.54,0.2410645979232946,0.10880835333758654
2020-08-11,11718.61,0.08604022948892309,-0.13705339463536892
2020-08-12,11434.82,-0.0076363624363509075,-0.2737900294307818
2020-08-13,11422.82,-0.04090621292265806,-0.24689531609335535
2020-08-14,11698.28,0.07028642428280873,-0.3123275511963828
2020-08-17,11875.44,0.3437904135287757,-0.2622431829259
2020-08-18,12250.89,0.42232121592507066,-0.23901803698365431
2020-08-19,11791.78,0.28695168582938346,-0.3479342430440082
2020-08-20,11764.2,0.23345784811660986,-0.36219050194331803
2020-08-21,11828.96,0.17247115178667194,-0.15934748988241365
2020-08-24,11784.82,0.17369324788196927,-0.1585518950280007
2020-08-25,11580.33,0.0749099826779136,-0.2846285591437705
2020-08-26,11363.6,0.04735944772750056,-0.24148123944704358
2020-08-27,11373.1,0.034153758880937635,-0.23597166146248405
2020-08-28,11402.04,-0.026609331172776973,-0.2489161600162233
2020-08-31,11582.93,0.11624299598655363,-0.3323044808466009
2020-09-01,11920.79,0.1557724726509433,-0.1991226481236279
2020-09-02,11719.93,0.11788081497450054,-0.23655151947125508
2020-09-03,11398.13,0.0020800718044354793,-0.513848760547782
2020-09-04,10432.57,-0.2901643001286325,-0.7281873475355076
2020-09-07,10141.43,-0.10177386924210086,-0.9362668695622884
2020-09-08,10175.53,-0.1725450646425437,-1.171649471831381
2020-09-09,10161.52,-0.09719450516889672,-1.5004693865397112
2020-09-10,10272.5,0.03838639653926279,-0.9329049538688057
2020-09-11,10295.03,-0.10775460170039208,-0.7559178789337735
2020-09-14,10362.52,-0.09733282412383748,-0.3832865410027655
2020-09-15,10640.0,0.03145655447255857,-0.2703116527805305
2020-09-16,10904.65,0.049433379559185475,-0.2993503646799416
2020-09-17,10869.51,0.21175422063659866,-0.22209146204440566
2020-09-18,10959.44,0.1043111333124086,0.024833737075699025
2020-09-21,10846.37,0.04341956460096663,-0.04387235757755237
2020-09-22,10458.27,-0.06285078868367022,-0.08563382812352693
2020-09-23,10447.63,-0.10984671838372218,-0.044740035175058424
2020-09-24,10312.16,-0.13489052088597764,-0.2041362256117445
2020-09-25,10601.6,-0.1456970325656448,-0.005012822989711729
2020-09-28,10858.32,-0.05462690327937303,-0.0035520610100006067
2020-09-29,10729.45,-0.06116655610624555,0.06789643996468353
2020-09-30,10703.82,-0.060196397163753246,-0.00884174385380243
2020-10-01,10878.07,-0.051390335844274326,-0.06392864008740462
2020-10-02,10452.7,-0.08404941567976465,-0.27319680956972814
2020-10-05,10674.66,9.48720608907605e-05,-0.24273205930985875
2020-10-06,10741.63,-0.017980430708957384,-0.13076827241865452
2020-10-07,10614.94,-0.08476306449448567,-0.22472461416041467
2020-10-08,10563.12,-0.05452739724096234,-0.23400896551408168
2020-10-09,10896.21,-0.05251887213548456,-0.06782489429064442
2020-10-12,11359.72,0.06816524421911885,0.19598288771978523
2020-10-13,11494.86,0.028997998707071093,0.18124391716237986
2020-10-14,11444.11,0.014585034350869996,0.04336747182355993
2020-10-15,11349.29,-0.032548950095792284,0.013076739632736811
2020-10-16,11309.42,0.008042537707402264,-0.06073457573786134
2020-10-19,11466.78,0.0788418990376617,0.1158967634740502
2020-10-20,11750.95,0.15977718044472644,0.14536532399745417
2020-10-21,12159.67,0.19716767676344837,0.06691166538987392
2020-10-22,12823.34,0.2539842783662458,0.37788259354310716
2020-10-23,12929.47,0.2576302121638918,0.31706290247036284
2020-10-26,13059.13,0.16100461463318805,0.27926238677508675
2020-10-27,13152.75,-0.03146771414805283,0.19849864506152914
2020-10-28,13694.52,0.21919148304642966,0.07185760455584456
2020-10-29,13131.01,0.08969066842568707,0.020292028169219156
2020-10-30,13255.02,-0.004810142649793514,0.06668209714757656
2020-11-02,13464.48,0.2420180219163095,-0.1573549892942523
2020-11-03,13520.07,0.23642333547454086,-0.3876849897401875
2020-11-04,13651.68,0.35513726236698484,-0.1618874392617473
2020-11-05,14454.05,0.427737718637333,0.04539214664323843
2020-11-06,15495.03,0.040233443407227565,0.058846666108675505
2020-11-09,15415.45,-0.25590298809435685,0.48496882184622603
2020-11-10,15386.98,-0.44098571629916083,0.1451577468173375
2020-11-11,15413.39,-0.2079217704333547,0.25343978049693794
2020-11-12,15808.07,-0.05116481935920447,0.287514380222083
2020-11-13,16277.95,-0.036678277651984725,0.18582591570899187
2020-11-16,16225.04,0.18733385361755284,0.2153935908513791
2020-11-17,16712.24,0.4094947197501806,0.3117009257618635
2020-11-18,18227.35,0.734436350954508,0.0006257678064096606
2020-11-19,17544.95,0.4928872657500005,-0.18326779569021734
2020-11-20,18320.01,0.5336111024237538,0.1343901668215981
2020-11-23,18588.09,1.0041109565083532,0.6878163994104085
2020-11-24,18638.75,0.9551021668344988,0.7295434873949291
2020-11-25,19133.4,1.238146348432299,-0.005870570991918456
2020-11-26,16824.73,-0.1480064433951056,0.21777429243353663
2020-11-27,16843.01,0.30010926867546495,-0.6531201689513879
2020-11-30,18477.05,0.9475968042831369,0.1798891014815185
2020-12-01,19479.29,1.909744261028857,0.746351775500703
2020-12-02,19200.0,1.1854095424288982,-0.12380538393151541
2020-12-03,19390.91,0.8925473282399579,0.21413060757780888
2020-12-04,19405.42,0.9069994384029636,0.11476232148328847
2020-12-07,19258.28,1.0521129926721053,0.01558458188613887
2020-12-08,19067.48,0.8446775940381415,-0.17775378003635445
2020-12-09,17949.84,0.06564596350574536,-0.4492845209846852
2020-12-10,18441.75,0.11156571006339333,-0.12760304606576067
2020-12-11,17886.29,0.32774479272644297,-0.187736282530242
2020-12-14,19225.0,0.6849735961614434,0.18587852418828588
2020-12-15,19142.89,0.660324349968056,0.03321543927654358
2020-12-16,19485.35,0.6166852088824959,0.17499142786202548
2020-12-17,22914.2,1.5202265919672846,0.8102000545645693
2020-12-18,23107.3,0.974433168695588,0.6620116537839116
2020-12-21,23656.28,1.3137710041760964,0.8470311391112073
2020-12-22,22681.95,1.4282133048576826,1.168314636370878
2020-12-23,23486.8,1.35889859723676,1.032779297323584
2020-12-24,23439.19,1.0850440547443587,0.7551636080001716
2020-12-25,23670.44,0.6873011842625267,0.8411024712397919
2020-12-28,26905.0,0.878410351142521,0.3957905774991084
2020-12-29,26609.21,0.7511106854064789,0.11682720141744518
2020-12-30,27718.79,0.4757576712874316,0.7648190100327406
2020-12-31,28940.37,-0.02803593063490828,-0.8640391322976861
2021-01-01,29074.87,-0.008852180874895144,-1.1864452507156242
2021-01-04,32051.35,1.5996863244967248,-0.03728468126594109
2021-01-05,31225.9,0.7650900857325791,-1.3556097719549478
2021-01-06,34653.07,4.204329869990795,1.4256817876410093
2021-01-07,37253.57,4.489158469106156,1.3351674834002205
2021-01-08,38699.06,1.8531614059459374,1.235232739526484
2021-01-11,35419.82,4.349588071770347,2.0492104837249467
2021-01-12,35776.17,6.914283989727825,0.8673547467645331
2021-01-13,34490.64,2.7419211712935354,1.608338304021426
2021-01-14,38388.44,8.882990120965095,4.7520312145770065
2021-01-15,38256.82,7.795042979709988,2.9613483407937173
2021-01-18,36209.41,3.4556222416569424,0.2950061499483523
2021-01-19,37218.42,3.1833279582348792,0.9638259771208895
2021-01-20,35499.25,0.020027747096817983,-7.36515800419113e-05
2021-01-21,33221.52,-0.00017091633392407601,3.2084507317620137e-07
2021-01-22,31519.15,0.00013533714778812822,-1.7740609781213834e-06
2021-01-25,33456.87,1.5773233747695459,1.1447649117419294
2021-01-26,31911.0,0.9872581773167086,-0.2946277047322674
2021-01-27,31214.59,-0.6436585885153319,-0.8643476318998786
2021-01-28,31104.71,-1.537987513297343,-3.7005487787743725
2021-01-29,36344.11,-0.3429652828485015,0.04114607398578762
2021-02-01,34494.2,1.1908188434092253,1.848908000696441
2021-02-02,34687.91,1.3796484633300876,0.54677613306455
2021-02-03,36065.78,1.319162494841473,0.5309357155580905
2021-02-04,37367.98,0.9724898287897954,0.8304642713852521
2021-02-05,37754.95,1.5829309887831986,1.3840275025241118
2021-02-08,39224.0,1.6525492548141867,1.5353742691736212
2021-02-09,47207.11,4.143978495155635,2.1830892050690065
2021-02-10,46739.75,1.4162045813835338,1.9306682920150147
2021-02-11,45067.43,-0.8617013287370723,-2.155660745588462
2021-02-12,47154.16,-0.5632878458230488,-1.0157961800017192
2021-02-15,47663.73,1.2273998427301693,-0.04301365265258639
2021-02-16,49285.04,0.6962186278093272,-1.150076651987332
2021-02-17,51071.92,1.055575066423935,-1.2370193429752359
2021-02-18,51715.86,0.7290220696299645,1.0987501129112411
2021-02-19,52179.1,0.8797424076221567,-1.1874291074244434
2021-02-22,55471.2,4.2218880513367196e-05,-1.0016101796850307e-06
2021-02-23,46585.0,0.35900031503772656,0.28188205691674373
2021-02-24,50666.7,-0.5779367171110987,-1.5135800233777958
2021-02-25,49737.15,-0.1595552722859459,-0.40883522044417475
2021-02-26,45719.25,-0.9617446041447879,-2.300569159180596
2021-03-01,47079.99,0.23102329434152225,-1.7882311353612454
2021-03-02,48897.97,0.24722613571720675,-0.3104091820437809
2021-03-03,50926.74,0.8281598900781004,0.38861813478027507
2021-03-04,50240.42,1.2711596161401086,0.7902342704372454
2021-03-05,46630.47,0.40841178878494677,-0.5055900855479392
2021-03-08,49928.83,0.6753920377038298,-0.7464961147488012
2021-03-09,54061.04,0.9119241731291767,-0.6145656568756523
2021-03-10,54681.17,0.38036719820768283,-0.12367414167869661
2021-03-11,54740.37,1.2193407340813143,-0.05983172158860395
2021-03-12,56526.64,1.0224708913202365,-0.5147172848883788
2021-03-15,57745.53,1.4548734738064137,0.22548400427424387
2021-03-16,55922.42,1.0951719884224902,0.6207031419790106
2021-03-17,55784.0,1.7237024292961776,1.4133798179592434
2021-03-18,57988.6,0.9473221264678271,0.08430289228810217
2021-03-19,58325.01,0.4298322792664231,-0.05067795453078183
2021-03-22,57191.36,0.6244332278642122,0.6763280501755657
2021-03-23,54330.65,0.2511678795861947,0.2365882436469704
2021-03-24,56301.82,0.3137191426490866,0.5741522248701845
2021-03-25,52603.86,0.4594926682182314,-0.20235926237517354
2021-03-26,53412.79,0.4795548082555232,0.4097829790703078
2021-03-29,57103.47,0.41496324978870414,0.6374413232830634
2021-03-30,57945.8,0.6703055849342554,-0.018893456799341735
2021-03-31,58016.08,0.7816961821359756,0.08614085208001931
2021-04-01,58840.04,0.7121251632561267,0.2078345068385321
2021-04-02,59481.26,0.6030737070949632,0.7495835272847162
2021-04-05,57135.21,0.6132038964968569,0.20344907938356682
2021-04-06,58472.52,0.29259072470039804,0.4366349630472399
2021-04-07,57750.01,0.4293909788854571,0.426570517335366
2021-04-08,56884.02,0.25213477754809,0.16393614139979196
2021-04-09,57750.99,0.25704667839487194,0.18326980510044444
2021-04-12,60647.38,1.0298556723468384,0.1746774028621576
2021-04-13,62639.34,1.191852857400846,-0.05871036357231607
2021-04-14,64005.13,0.8435338828728383,0.5932534391494981
2021-04-15,62621.0,0.49307019894941106,0.46100430497401557
2021-04-16,61264.93,0.40650264076265374,-0.09542998902066602
2021-04-19,56876.83,0.528476665635206,0.601971632690683
2021-04-20,55276.16,0.21976937512896055,-0.49603935203656735
2021-04-21,55475.95,0.05814048883121059,0.07112911518276
2021-04-22,53673.1,0.216102143314164,-0.4863946556483709
2021-04-23,48749.39,0.23001285385194414,-1.1228120907606163
2021-04-26,52646.89,0.3917759626004156,-0.7409048829909586
2021-04-27,54505.97,0.2744060014226234,-0.789053772123002
2021-04-28,54123.63,0.3226977659624146,0.34447845204922745
2021-04-29,53976.92,0.36779130813379557,-0.47944314393486787
2021-04-30,54563.47,0.22254437518089953,-0.8097628832127941
2021-05-03,58791.74,0.23085074489727897,-0.5552094068900246
2021-05-04,55749.32,0.3696287280565911,-0.7368142059416594
2021-05-05,55470.82,0.15800160333654167,-1.1324041595891712
2021-05-06,56972.88,0.3351828452854373,-0.8723422902885394
2021-05-07,56126.41,0.31843003210508836,-0.5794996171692792
2021-05-10,58453.65,0.8869829794381543,-0.7583269448562813
2021-05-11,55392.6,0.8061243820574682,-0.8234829294684283
2021-05-12,56989.13,0.5406444715345857,-0.4252910443396787
2021-05-13,50045.98,0.2135752879894781,-1.0962244798858003
2021-05-14,50441.36,-0.025332553558296667,-1.1599209578487955
2021-05-17,45381.67,-0.17697601380970074,-1.6938465676872938
2021-05-18,44974.44,-0.832222985918468,-2.7669567452978145
2021-05-19,40469.19,-0.46715203346642475,-3.3778543467003126
2021-05-20,39865.74,-0.9862148557102981,-4.036474205183437
2021-05-21,40081.97,-1.890742593377294,-3.056168258657129
2021-05-24,36682.05,-2.2097164674856966,-5.735691772663447
2021-05-25,38197.08,-5.308660349307328,-5.3381520868944
2021-05-26,40199.25,-2.7757205553934137,-3.434350903424863
2021-05-27,38901.45,-4.084686700091749,-3.993254515294664
2021-05-28,36001.7,-1.4567418235272749,-2.1613671353971053
2021-05-31,36141.79,-1.2777974199580764,-2.51765158389981
2021-06-01,36208.36,-3.870162039496036,-3.1861655119449352
2021-06-02,37376.05,-2.685752713936585,-2.370945053587361
2021-06-03,38813.19,-2.086121039676591,-1.2223646693248176
2021-06-04,36730.05,-1.4401337949144652,-1.8639653786494854
2021-06-07,36121.33,-1.7494144052660876,-2.1916802231765473
2021-06-08,32930.81,-3.495764079158555,-4.7218992952809025
2021-06-09,34079.41,-2.019454383397889,-2.9490732043327004
2021-06-10,36418.31,-2.7277412645185803,-1.4213682809703112
2021-06-11,37040.04,-2.286892332920005,-1.2580074726146826
2021-06-14,39020.64,-1.4191758504439367,-0.9261258590734753
2021-06-15,39810.42,-1.5319849421444824,-0.7054648749236359
2021-06-16,40048.24,-0.09323342892541309,-0.14561866565134896
2021-06-17,39279.22,-1.4655448046415458,-0.6635683613000474
2021-06-18,37891.6,-1.2146245849705641,-0.9928079695838878
2021-06-21,32885.11,-0.9434696905784863,-2.1578456233804575
2021-06-22,31708.49,-0.9536616736295445,-1.8679121136243575
2021-06-23,33755.13,-1.2067251890948674,-1.9906168302761156
2021-06-24,33381.5,-0.7109639972442765,-1.4112495022984808
2021-06-25,34281.47,-1.093929047947114,-1.6290913468458772
2021-06-28,34905.63,-0.4348122542267241,-1.179965006931627
2021-06-29,35073.77,-1.2029727202645666,-1.7370086469759327
2021-06-30,34603.65,-0.9608612857318177,-1.7507942909625829
2021-07-01,33456.11,-1.7371715410426067,-2.6945532557328775
2021-07-02,33373.24,-2.1632941019562724,-3.088964175480343
2021-07-05,34260.0,-1.3273882761617612,-2.5119524833521827
2021-07-06,34993.68,-0.9067719838105326,-2.0401703326554936
2021-07-07,34796.38,-0.6642700992447539,-1.8426894252560304
2021-07-08,32572.83,-1.0476628872476816,-2.3322829404751415
2021-07-09,32819.07,-0.45843369706127013,-1.8496610343716227
2021-07-12,34283.3,-0.09230998733487383,-1.0423771435009277
2021-07-13,33225.72,0.01983969066193203,-1.3887697386431812
2021-07-14,31742.52,-0.4478858345218333,-1.3486610116943027
2021-07-15,32380.01,-0.09687356720544127,-1.0488985355008706
2021-07-16,31474.63,-0.06325058292529206,-1.3618263447260208
2021-07-19,31488.35,-0.34240930921651247,-1.2368662151934413
2021-07-20,29637.06,-0.21757479027295412,-1.5499959500834146
2021-07-21,30844.11,-0.4805286132985618,-1.4882075896926628
2021-07-22,32126.58,-0.4889178420901976,-1.4577338295618798
2021-07-23,32332.78,-0.4236213191468685,-1.2214363830693244
2021-07-26,38224.85,-0.19218138204540525,-0.8084004107943663
2021-07-27,37280.31,0.0634235877637801,-0.8060343745425129
2021-07-28,39544.4,0.6154246012246731,-0.7012682045801513
2021-07-29,39950.6,0.6726196634732395,-0.7177432516917222
2021-07-30,38747.72,0.5191744086580954,-0.7606685587900563
2021-08-02,39524.97,0.5607871241730567,-0.5613023603729177
2021-08-03,38533.24,0.587461705392224,-0.47403737179777883
2021-08-04,37723.74,0.6263102321508862,-0.478074568205725
2021-08-05,38473.97,0.58307663461423,0.4648227718326885
2021-08-06,40965.48,0.4982740132503771,0.10818138525536813
2021-08-09,43748.74,0.24002537974021632,0.2553736340189361
2021-08-10,46147.87,0.8219469056329483,-1.001835077310254
2021-08-11,46206.31,0.6469632445832065,0.7183403660627521
2021-08-12,45251.0,0.8782882965659606,-0.6302283814570169
2021-08-13,46183.21,0.42845605825629374,0.38681401549008276
2021-08-16,47155.83,0.8039511059367097,0.7984785857093102
2021-08-17,46209.03,0.4033530419971134,0.29333380133273756
2021-08-18,45261.26,0.2377546046192096,0.23715386210230793
2021-08-19,44713.21,0.18133925711186993,-0.00030948712712763893
2021-08-20,46898.71,0.5626232966722586,-0.7810581562953938
2021-08-23,50275.64,0.6273300650033424,-0.6438674114563678
2021-08-24,49703.52,0.49257135757213155,-0.6382043763025536
2021-08-25,47282.72,0.43513576021942946,-0.752036700055366
2021-08-26,46922.98,0.40697130197548725,-0.8459678811622551
2021-08-27,47193.91,0.1347409002621156,0.170469939693364
2021-08-30,48102.9,0.2668988985180336,-0.7596110509899374
2021-08-31,47744.2,0.005976159072701881,-0.6109398351644295
2021-09-01,47366.76,0.4107309219318407,-0.8884490483999206
2021-09-02,50125.87,0.37474286411519553,0.23210976549411444
2021-09-03,50005.31,0.24121277150759424,0.18446359665210954
2021-09-06,51694.28,0.4365713773633191,-0.9391590433298562
2021-09-07,51203.22,0.3791852782926709,-1.1103904547858026
2021-09-08,45993.27,-0.4507532258617375,-1.1804764456110899
2021-09-09,46282.3,0.013096502174936742,-1.150689405786133
2021-09-10,45997.69,0.1478338502429679,-1.0048774888275405
2021-09-13,44411.57,0.08593519390755788,-0.9596376128364263
2021-09-14,45977.88,0.0472584120053845,-1.020727460358504
2021-09-15,47076.61,-0.12441742089379426,-0.32505753819640626
2021-09-16,48098.49,0.16422886367577805,-0.9978417243734914
2021-09-17,47928.28,0.030857582848539122,-0.44101307134740875
2021-09-20,45038.54,-0.23578405687622395,-0.885988873519058
2021-09-21,43269.51,-0.07971173954084265,-1.3015836069708988
2021-09-22,42295.11,-0.12245121159387384,-1.3831824655303433
2021-09-23,43886.47,-0.055436062396543306,-1.197192697861532
2021-09-24,44538.5,-0.2122350073740633,-0.8762271030557007
2021-09-27,43854.1,0.27298065416088746,-1.094626651266942
2021-09-28,41855.71,0.026072349663832206,-1.1820709261962656
2021-09-29,42371.77,0.03156909411830555,-1.2371702221485934
2021-09-30,43065.74,0.11369601459532097,-1.3554529639604962
2021-10-01,44959.74,0.06330004952338664,-1.0660436091891103
2021-10-04,47671.71,-0.06250229628472459,-0.6506761483539991
2021-10-05,49931.89,-0.1959893458953641,-0.3642253290594626
2021-10-06,50715.31,0.04542874010272602,0.044873148677084584
2021-10-07,54547.07,-0.0080466198977458,-0.006150687699125079
2021-10-08,55815.87,-0.5787599357063131,-0.09142517028024111
2021-10-11,56567.85,-0.11859264419187632,-1.0858163070271338
2021-10-12,57468.81,-0.290572973961718,-0.724410763670627
2021-10-13,54608.08,0.021913959770025526,-0.46959994438841446
2021-10-14,57467.67,0.3155657875587703,-1.3182050569818562
2021-10-15,58955.63,-0.4181955538262143,-1.2258472415598112
2021-10-18,61785.05,0.22384278579420425,-0.5899036576172438
2021-10-19,62547.85,0.2681955632557771,0.22785335652690586
2021-10-20,64050.4,0.6062956740031256,0.6024828736852927
2021-10-21,65895.93,0.4756846187092627,0.36427470436143716
2021-10-22,63585.25,0.3151728879988105,-0.22887389949408243
2021-10-25,62727.38,0.3986242555872501,-0.3765803206112044
2021-10-26,62825.76,0.21767274748158694,0.22742471713790513
2021-10-27,59260.54,0.48384111880056424,-0.054056613766435335
2021-10-28,60583.35,0.32177418014539927,-0.47204188430894556
2021-10-29,60937.1,0.4816515133401087,-0.3023420920455022
2021-11-01,61952.43,0.37233614005506,-0.4831457884580026
2021-11-02,61600.19,-0.10496664313699655,-0.3711705762673281
2021-11-03,63016.81,0.20995283260515363,-0.5347258754319797
2021-11-04,61642.32,0.22867088222086096,-0.5955499812449057
2021-11-05,62238.45,0.21256838014534274,-0.5289698783338157
2021-11-08,66273.36,0.20891917686961847,-0.3904662714081466
2021-11-09,68133.71,0.3361653791550129,-0.28514268727004666
2021-11-10,66622.64,0.1948220979681592,-0.47858037590091107
2021-11-11,65377.54,-0.05676467891761017,-0.3264672016971306
2021-11-12,64898.29,0.3343640223378911,-0.605495625221161
2021-11-15,65752.58,0.28409113840558375,-0.5281057704263112
2021-11-16,61024.25,0.06500317533286037,-1.0139498367144377
2021-11-17,59591.91,-0.2986240302342281,-0.8719323286631009
2021-11-18,59662.77,0.29533828568276155,-0.9971839289807707
2021-11-19,57058.54,0.03425086717137016,-0.6943396495304153
2021-11-22,57400.0,-0.4055336911467906,-1.0628469941537513
2021-11-23,56260.31,-0.23502164333522257,-1.0851767894474194
2021-11-24,56872.83,-0.3038841825586224,-1.4399152711623835
2021-11-25,57618.05,-0.2546372734937513,-1.3994809352570086
2021-11-26,55237.76,-0.46083197168077894,-1.3451282152040065
2021-11-29,57312.98,-0.8013314308943107,-1.161113118612334
2021-11-30,56818.23,-0.5308274753968598,-1.2078925472403501
2021-12-01,56945.94,-0.3352881111694983,-0.798191900804524
2021-12-02,57010.93,-0.40865880578399505,-1.0604455707411824
2021-12-03,56629.9,-0.3759724082070868,-0.9577754283639963
2021-12-06,48219.21,-0.5715144311769262,-1.6476206438358392
2021-12-07,51275.46,-0.30603653217870175,-1.2006567225908578
2021-12-08,50463.26,-0.020168450128521087,-0.9841765837197669
2021-12-09,49545.8,-0.014242173768403088,-0.78704452004057
2021-12-10,48110.26,-0.13332138312751995,-0.9220048628348545
2021-12-13,49048.73,0.3163649246421756,-1.3153502129682138
2021-12-14,47478.33,0.11825705940378217,-1.3424382175397191
2021-12-15,48591.59,0.03170428149119653,-1.269194965801133
2021-12-16,48787.47,0.13310881347476222,-1.0248486417662095
2021-12-17,47149.96,0.17454668225141656,-0.7287125489200204
2021-12-20,46289.87,0.13561358293984793,-0.7875573070622521
2021-12-21,48594.18,0.11583696492507722,-0.49229194466093507
2021-12-22,49290.61,-0.06952421879877302,-0.3359387691619742
2021-12-23,48364.88,0.18214373347127033,-0.35374807321852275
2021-12-24,51099.31,0.22992615002578232,-0.22404142562707352
2021-12-27,50549.99,0.1984422158662693,-0.368359559716114
2021-12-28,49392.97,0.15301202335603348,-0.42786208107761303
2021-12-29,47711.66,0.17252161893708462,-0.3984951809980217
2021-12-30,46803.92,0.14261226995843868,-0.5179183143121606
2021-12-31,48447.75,0.11316784312792372,0.07052569087813443
2022-01-03,46981.93,0.10752025040448032,0.05320471538204874
2022-01-04,46506.89,0.04902586462660752,0.006688159117989256
2022-01-05,46646.05,-0.0710052444078495,-0.17143013091494153
2022-01-06,43052.55,-0.27906948416384014,-0.49652267664199745
2022-01-07,42072.51,-0.13655578375704858,-0.45786491258175555
2022-01-10,41826.43,-0.218631928577101,-0.6084575216232209
2022-01-11,41999.14,-0.00502812381500739,-0.477762255210024
2022-01-12,42618.51,-0.1187424897257725,-0.30129903128201585
2022-01-13,43920.02,-0.1013785698452172,-0.2623314202463427
2022-01-14,42541.86,-0.19518122576510988,-0.11926331020187031
2022-01-17,42814.6,-0.0630195517015556,-0.2098023478243427
2022-01-18,41728.47,-0.11817263207127482,-0.33047452511614694
2022-01-19,41373.73,-0.12948557233429392,-0.529492334494055
2022-01-20,41973.84,-0.13131454954317068,-0.43948106337834236
2022-01-21,39171.69,-0.1624435602220703,-0.34184833084635
2022-01-24,34966.54,-0.2576117089136183,-1.1506545531231143
2022-01-25,36078.41,-0.021280890579078005,-0.8129631934553108
2022-01-26,37623.0,-0.10026995937558558,-0.7200012497197397
2022-01-27,36469.44,-0.019163372909949405,-1.107912384517032
2022-01-28,36652.86,-0.26208533940112855,-1.1409260589218626
2022-01-31,37163.78,-0.18694658194890135,-0.7632441317175254
2022-02-01,38616.85,-0.16894367841392033,-0.6642914970141867
2022-02-02,38470.53,-0.15740741834653926,-0.790021266347875
2022-02-03,37096.49,-0.13550515221031012,-0.9091272186981818
2022-02-04,37983.43,-0.21378795737820688,-0.7699964545991351
2022-02-07,42625.08,-0.5317587854067745,-0.19883789229012816
2022-02-08,44037.8,-0.5027846547129002,-0.09533872519607489
2022-02-09,43432.57,-0.21544152723448007,-0.47590701230779575
2022-02-10,44256.92,-0.2395194965738041,-0.3827021137685567
2022-02-11,43031.51,-0.47499107674128815,-0.3144438707222401
2022-02-14,42045.38,-0.30816785255528734,-0.7070887548385039
2022-02-15,44015.33,-0.22150348713049306,-0.6553350010365007
2022-02-16,44182.57,-0.20911844676193803,-0.5494013069869963
2022-02-17,43498.3,-0.28075418633685656,-0.4681298711811701
2022-02-18,40901.06,-0.5256370598639382,-0.45622711775345515
2022-02-21,39077.98,-0.2595294433386266,-0.6334900956939848
2022-02-22,37126.65,-0.20115171547098876,-1.0904474027206519
2022-02-23,38693.9,-0.3060769249275783,-0.8283869206519048
2022-02-24,35532.78,-0.1198563276924105,-1.5062332745763072
2022-02-25,38366.15,-0.2081767245470345,-0.7870463772470664
2022-02-28,38320.17,-0.02407228600975886,-0.9661164995185889
2022-03-01,43521.91,-1.2753264005698508,-1.031435650210446
2022-03-02,43860.95,-0.7641290214558087,-0.7975777101843264
2022-03-03,43474.81,-1.0643430686631568,-0.9489406197267223
2022-03-04,41591.33,-1.2770872403177118,-0.8195621627503451
2022-03-07,38163.97,-0.9113223895664953,-0.8297910081033573
2022-03-08,38777.16,-0.6746526085611673,-1.304893684278603
2022-03-09,42072.49,-0.5253734657269642,-0.9270097758406046
2022-03-10,39235.33,-0.9878490431173024,-0.8703155143824319
2022-03-11,39033.92,-1.3895583808323972,-0.33304278667218457
2022-03-14,39078.73,-0.603645857916177,-0.65536164154324
2022-03-15,38379.13,-0.580527390874563,-0.9387931410488051
2022-03-16,40332.31,-0.6174469675987879,-0.9358000008778355
2022-03-17,40837.05,-0.40266354826176354,-0.518718432036279
2022-03-18,40628.0,-0.6014866814643711,0.12179505423367898
2022-03-21,41180.63,-0.27170483478148877,-0.2664360119866096
2022-03-22,42574.74,-0.2534123317566812,-0.32257345103198887
2022-03-23,42246.03,-0.322925851671199,-0.25066117916095854
2022-03-24,43068.61,-0.2788341408788466,-0.14295748430989974
2022-03-25,44032.11,-0.19560094455543475,-0.12263110538376454
2022-03-28,47045.63,-0.057796286998655244,-0.07318287211015462
2022-03-29,47569.63,-0.23020962835263115,-0.037285139636337394
2022-03-30,47447.44,-0.3375061717062203,-0.07834403265587286
2022-03-31,47262.27,-0.23858961935891998,-0.1429023466696553
2022-04-01,45158.08,-0.2818299149276703,-0.01676250420750014
2022-04-04,46157.18,-0.3002194411174012,-0.21693357732989527
2022-04-05,46670.91,-0.32626675681822226,-0.2303258805785282
2022-04-06,45380.41,-0.24945249413677362,-0.2751906702838338
2022-04-07,43529.59,-0.42561298522899926,-0.31272869636792544
2022-04-08,43716.51,-0.49304970717812213,-0.07881097307401852
2022-04-11,42203.91,-0.40823884773688746,-0.43487610838498014
2022-04-12,40186.78,-0.6060784938917964,-0.3273585366022178
2022-04-13,40159.93,-0.3950342105159803,-0.6108235423971236
2022-04-14,41182.11,-0.5308890972459336,-0.19538317042770492
2022-04-15,40158.54,-0.5505844903509545,-0.0874416801277591
2022-04-18,38890.07,-0.3536170534087111,-0.5866431201666695
2022-04-19,40733.4,-0.19146155508683538,-0.5307624877239248
2022-04-20,41501.75,-0.15308439651328565,-0.506096265053668
2022-04-21,41940.44,-0.24042575701536795,-0.4793848874741893
2022-04-22,40408.28,-0.25071988515369736,-0.4175299733002982
2022-04-25,38428.43,-0.20054306829822577,-0.582747092998285
2022-04-26,40516.38,-0.21735719959925015,-0.625615318832563
2022-04-27,38985.48,-0.38316979576070265,-0.6462120347889755
2022-04-28,39648.81,-0.44111045261420856,-0.6130793817559528
2022-04-29,39409.56,-0.4981014260836979,-0.4457000470743637
2022-05-02,38922.59,-0.4221845154234657,-0.49180767899836475
2022-05-03,38519.01,-0.3671958005904634,-0.5148363607344857
2022-05-04,38961.0,-0.27734982977711375,-0.6081700187006436
2022-05-05,39472.18,-0.2950393148527377,-0.38222042927102917
2022-05-06,36193.11,-0.2707676722969856,-0.34367795464446926
2022-05-09,33660.59,-0.38603725895565244,-0.994191979499309
2022-05-10,31742.12,-0.519263774719033,-1.2745151235785448
2022-05-11,31390.19,-0.5581791886153036,-1.2182012088834235
2022-05-12,27624.39,-1.4653291013112797,-5.222774525340535
2022-05-13,30262.82,-0.5586489508844201,-1.8223900021476216
2022-05-16,29762.03,-0.6117802492316636,-1.9760573493519078
2022-05-17,30539.75,-0.4953704988388544,-1.8179340161928328
2022-05-18,29838.35,-0.49486402396675655,-1.7092721925236332
2022-05-19,28928.1,-0.656365777953241,-2.040338584972177
2022-05-20,30149.59,-0.45792187258222916,-1.3395150819586101
2022-05-23,30316.14,-0.2504704199048473,-1.3375239206541514
2022-05-24,29120.67,-0.19149186027382248,-1.3496093158888285
2022-05-25,29791.03,-0.29704385204965145,-1.4769376962900598
2022-05-26,28976.72,-0.43868502739674964,-1.597076822151583
2022-05-27,28909.05,-0.3139935695752415,-1.541399444485187
2022-05-30,30724.07,-0.19980352427412928,-1.3426575233265523
2022-05-31,31610.12,-0.6615481027622268,-0.9974034865647097
2022-06-01,31598.51,-0.622287648640065,-0.9047761676424204
2022-06-02,29917.49,-1.0537477775980866,-1.0204097293082643
2022-06-03,30422.5,-1.0753136019483502,-1.0107928259535028
2022-06-06,31451.6,-0.7689260109291749,-0.753543902245958
2022-06-07,29633.97,-0.6246000683213226,-1.0112200763568637
2022-06-08,30479.1,-0.5528782619925037,-0.8367141837293244
2022-06-09,30489.87,-0.3824564789301246,-0.9014896962955585
2022-06-10,29996.63,-0.5592456828205733,-1.1609276307813607
2022-06-13,24121.01,-1.6967871744256573,-4.126383489917556
2022-06-14,22577.0,-1.7511676859302452,-4.173420050865262
2022-06-15,20223.71,-2.620406622782802,-5.132051284199733
2022-06-16,21756.76,-1.3097463558056015,-2.6486758044663246
2022-06-17,21036.69,-3.227174975531981,-4.645493660447318
2022-06-20,20546.65,-3.54680776454204,-4.03921408074538
2022-06-21,21327.47,-0.7975606342192019,-0.9648145628375975
2022-06-22,20210.6,-2.4566946154757403,-2.96018281522194
2022-06-23,20552.16,-2.4446605311229455,-2.955917466332745
2022-06-24,21041.56,-1.4870806836457158,-1.6476814701549305
2022-06-27,21476.53,-0.4605973124202358,-1.1420471878603644
2022-06-28,21098.24,-0.9841094917192066,-1.8307910887240828
2022-06-29,19966.64,-0.6922520680261264,-1.7904332170010684
2022-06-30,19210.35,-1.0256805165633984,-2.765115634758315
2022-07-01,19497.06,-0.7721407822995514,-2.1494362498004094
2022-07-04,19125.5,-0.7939318818367784,-2.207943109109867
2022-07-05,19864.73,-1.1252944280452384,-1.5321245468835394
2022-07-06,20165.15,-0.9474379661394576,-1.234547988389601
2022-07-07,20507.68,-0.7119244830436828,-1.3277138521842002
2022-07-08,21425.9,-1.1189467193792493,-1.0288850899231674
2022-07-11,20516.86,-0.9505891959687249,-0.7591392143892546
2022-07-12,19749.67,-1.04180737541065,-1.284100189756952
2022-07-13,19833.26,-1.4405534677744953,-1.9224704756933164
2022-07-14,19748.78,-0.4583841832787843,-1.068402921563334
2022-07-15,20854.48,-0.9473127956611991,-1.1386547447961903
2022-07-18,22291.82,-0.3389786647288848,-0.9847633737446726
2022-07-19,21923.3,-0.8203702503626888,-1.13295092272622
2022-07-20,23369.49,-0.6913015327987417,-0.9998590989261147
2022-07-21,22878.31,-0.43862795295304924,-1.0889126166139746
2022-07-22,23303.65,-0.4734118202724773,-1.11654963517485
2022-07-25,22054.05,-0.4041917014408003,-1.04770531543098
2022-07-26,21067.09,-0.5883768750095286,-1.1516316310293164
2022-07-27,21357.43,-0.41034169691713784,-1.123870944296638
2022-07-28,22965.53,-1.118032034599349,-0.723624139683301
2022-07-29,23934.88,-1.2147303197516184,-0.5286219676440371
2022-08-01,23298.75,-0.6840884424407927,-0.7090088613090608
2022-08-02,22820.31,-1.0094525288315335,-0.7085749618515114
2022-08-03,23299.34,-0.6968099374365828,-0.712479247566669
2022-08-04,22805.56,-0.8566070426620833,-0.3735012069343129
2022-08-05,23152.66,-0.6353514618036846,-0.21995297396059454
2022-08-08,24138.78,-0.5875864667229251,0.05773070819514414
2022-08-09,23781.99,-0.4014111920128314,-0.16762555874101182
2022-08-10,23107.31,-0.2690270903929113,-0.41267452957237016
2022-08-11,24537.52,-0.6473903261763432,0.004600074886757177
2022-08-12,23930.48,-0.8954878749580191,-0.028058691041194628
2022-08-15,24050.55,-0.6720168444681913,-0.04420098097934755
2022-08-16,23997.43,-0.46227300376685787,-0.1589869208732655
2022-08-17,23814.62,-0.2622111936494347,-0.7329203506612854
2022-08-18,23463.37,-0.5010123342765028,-0.7637724974699884
2022-08-19,21779.28,-0.30940902946227267,-1.375498453955738
2022-08-22,21186.94,-0.25756434358600244,-1.213010804173591
2022-08-23,21451.26,-0.39133927520780953,-1.1490688907750308
2022-08-24,21340.21,-0.3491338211282988,-1.0514341378737402
2022-08-25,21685.18,-0.30270631080875954,-0.9940064929903694
2022-08-26,21416.79,-0.47399980757727045,-1.038695965627371
2022-08-29,19793.61,-0.31556737700312376,-1.0432931604961064
2022-08-30,20402.27,-0.47276491852956193,-0.8300639739862856
2022-08-31,20234.17,-0.3893568635732796,-0.9499812424981358
2022-09-01,19928.13,-0.23640352105956408,-1.2634390307604926
2022-09-02,20095.6,-0.4062284964747358,-1.0641309951208133
2022-09-05,19782.19,-0.2754463297704185,-1.2130176754740518
2022-09-06,20013.28,-0.31161183729747,-1.2913338551616713
2022-09-07,18805.52,-0.3759591176208099,-1.5041106477569497
2022-09-08,19229.24,-0.43304224256948065,-1.1165633111855446
2022-09-09,20783.85,-0.28000756132921456,-0.7222313741305535
2022-09-12,22235.43,-0.6534087097164429,-0.6607375863430489
2022-09-13,22236.92,0.23404215929708716,-0.7048142077331816
2022-09-14,20384.72,-0.11169658327004095,-0.18081698553703518
2022-09-15,20159.37,-0.9442277776549648,-0.905175332608446
2022-09-16,19681.94,-0.9354298132365964,-0.862733079656115
2022-09-19,18417.35,-0.6388223378072249,-0.9292763686454477
2022-09-20,19309.71,-0.24661091099503651,-0.5204593798756343
2022-09-21,18873.48,-0.4332672100753998,-1.118731038861334
2022-09-22,19208.68,-0.5312698335989743,-1.0973977444673255
2022-09-23,19068.44,-0.3691302737403568,-1.0516427708862652
2022-09-26,19275.04,-0.41804146655031427,-1.2779321228711475
2022-09-27,20144.29,-0.40521786292342366,-1.1455499805123044
2022-09-28,18738.72,-0.4121895183413705,-1.6287306241960806
2022-09-29,19346.74,-0.28899241996839775,-1.4130544618060779
2022-09-30,19627.56,-0.292361755250346,-1.1512898661776718
2022-10-03,19195.47,-0.24695746050990752,-0.9834776537827572
2022-10-04,19889.34,-0.09013462167049313,-0.7566341677831614
2022-10-05,20137.28,-0.13112268779411118,-0.641111517348012
2022-10-06,20147.21,-0.10892593540606532,-0.6282795377857031
2022-10-07,19974.83,-0.1505767054011251,-0.6598619210277845
2022-10-10,19237.6,-0.01915533888754739,-0.6985369759379463
2022-10-11,19106.15,-0.20306469513460934,-1.0817891373247472
2022-10-12,19141.53,-0.21968087682986515,-0.8143827557847017
2022-10-13,19009.26,-0.10957489593254655,-1.1156064670666217
2022-10-14,19617.26,-0.23038347091678751,-0.5010834596929588
2022-10-17,19260.62,-0.1803956077178132,-0.5421261699433606
2022-10-18,19534.34,-0.1250066526099215,-0.47917199213279993
2022-10-19,19195.85,-0.128884984713591,-0.42589403756987876
2022-10-20,19112.24,-0.11048900799880212,-0.4888263641488555
2022-10-21,18979.25,-0.13728117564816222,-0.5079895215930648
2022-10-24,19342.26,-0.12065645456127483,-0.5864865670478969
2022-10-25,19297.9,-0.10714048545130234,-0.6312525056376052
2022-10-26,20679.93,0.006505555132853225,-0.5037785686525642
2022-10-27,20715.12,-0.01808809019117741,-0.38127369595590865
2022-10-28,20185.3,-0.10818586286831738,-0.2905203279773656
2022-10-31,20490.64,0.05467610611552631,-0.18743835182885982
2022-11-01,20580.64,-0.011313614770683267,-0.22646864182923
2022-11-02,20501.71,-0.03108178469252343,-0.24771878127743507
2022-11-03,20297.06,-0.16476194308187503,-0.12937839609960422
2022-11-04,20582.27,-0.17105046908602695,-0.11934749264948985
2022-11-07,20719.65,-0.5089127286789322,-0.10632957916275831
2022-11-08,19735.19,-0.5661890756249661,-0.6949422465605466
2022-11-09,18136.88,-0.8598760495388253,-2.884255022334188
2022-11-10,16784.04,-1.2974111324136721,-2.493906899130415
2022-11-11,17352.93,-3.530297817254617,-2.8290644646792127
2022-11-14,16754.59,-2.485214641683487,-2.4323082861635723
2022-11-15,16900.89,-1.3786441559430205,-1.6997750694394753
2022-11-16,16774.15,-0.39803821789983296,-0.7914264063729628
2022-11-17,16559.81,-0.6509068268296967,-1.088408319565009
2022-11-18,16725.45,-1.36556680219891,-1.3772481866899136
2022-11-21,16009.76,-1.1128558000985778,-1.8176291063790115
2022-11-22,15710.96,-1.0025187744983977,-1.9521066387767978
2022-11-23,16518.8,-0.4178210024355373,-1.0128178517450643
2022-11-24,16577.45,-0.4085042595132733,-1.0155023134734174
2022-11-25,16438.25,-0.5699719719192725,-1.0258830797705685
2022-11-28,16228.54,-0.3140309202974336,-0.8376733614195073
2022-11-29,16490.93,-0.2550518432328701,-0.6751831278639635
2022-11-30,16888.56,-0.20799160994313703,-0.5071473571495235
2022-12-01,17110.95,-0.22308968845561117,-0.524315705932445
2022-12-02,16966.89,-0.4235835251107004,-0.5501262027712475
2022-12-05,17361.09,-0.1450603563455417,-0.3001704781609036
2022-12-06,17035.52,-0.30445493604705764,-0.407793881625822
2022-12-07,16794.96,-0.3363277155602131,-0.5489589586110097
2022-12-08,16834.01,-0.2722887815199454,-0.6125604714049753
2022-12-09,17206.89,-0.24713311762120682,-0.32965325644586585
2022-12-12,16936.88,-0.10397389423395909,-0.574608528066076
2022-12-13,17164.63,-0.10122953989775896,-0.6877905996897311
2022-12-14,17837.57,-0.22574310675281872,-0.611291261548728
2022-12-15,17630.76,-0.22191444061993976,-0.18010655695051403
2022-12-16,17222.09,-0.2149679706312671,-0.30649873591640553
2022-12-19,16760.1,-0.1767942809719984,-0.7244156512670352
2022-12-20,16824.97,-0.18204203643327888,-0.6865348755488918
2022-12-21,16864.5,-0.1737066529953188,-0.6208911021801494
2022-12-22,16836.77,-0.1628624316559742,-0.4816249309770396
2022-12-23,16835.31,-0.14850306264019125,-0.3814843741559145
2022-12-26,16838.45,-0.1657965572330629,-0.36785101716945057
2022-12-27,16845.25,-0.1544126529386341,-0.39283999838463124
2022-12-28,16638.47,-0.14865799572679345,-0.41910120274369056
2022-12-29,16523.59,-0.19620929420808858,-0.47654538548663006
2022-12-30,16492.75,-0.09838767963404232,-0.17982190585829316
2023-01-02,16726.62,-0.23656314740195827,-0.17484751801644904
2023-01-03,16710.67,-0.14707536811832528,-0.16676374840976183
2023-01-04,16858.9,-0.1786834436003117,0.12083066936496722
2023-01-05,16804.35,-0.1834453690978064,-0.03038531950695167
2023-01-06,16794.77,-0.24768078104870989,0.0905609069093567
2023-01-09,17192.11,-0.11370530386675204,0.1103318789279093
2023-01-10,17255.34,-0.16163563535567155,0.04542615806039629
2023-01-11,17449.45,-0.14146783519482803,-0.0973709054808427
2023-01-12,18154.45,-0.06288405724593604,0.02418113200010963
2023-01-13,18842.78,-0.06850706751905611,-0.042844635841756795
2023-01-16,20753.98,0.18814404867275503,-0.11398320598923717
2023-01-17,21202.86,0.010918866644811231,0.0006884196027669987
2023-01-18,21251.55,-0.03457075966718959,-0.07262805578095866
2023-01-19,20767.18,-0.17981660175506686,-0.168653804655309
2023-01-20,20951.38,-0.22480860396095736,0.04739168273235972
2023-01-23,22722.56,-0.25932654699088165,0.08424269790619565
2023-01-24,23057.58,-0.044735495372346445,-0.04838497741226511
2023-01-25,22666.22,-0.23002347965625414,0.043318086589514415
2023-01-26,23006.62,-0.2261704788916501,0.10742859091124801
2023-01-27,22973.94,-0.18467152828224864,0.1765298586192039
2023-01-30,23551.75,-0.1484391757467869,0.058695510805971685
2023-01-31,22911.07,-0.2712213175431457,0.03411131496253361
2023-02-01,22983.84,-0.05224167279136771,-0.06764737629160966
2023-02-02,23805.72,-0.1305397371482797,0.1406421632998951
2023-02-03,23424.75,-0.15628426245988858,0.024532048414133367
2023-02-06,22864.67,-0.15367559019857324,0.030515924461242294
2023-02-07,22874.58,-0.18580212998428913,0.015924707975482066
2023-02-08,23208.2,-0.12359661176340209,0.08278016949168565
2023-02-09,22720.77,-0.20353671009866559,-0.0014059921939941766
2023-02-10,21895.74,-0.5213384034789761,0.1620284755009389
2023-02-13,21738.48,-0.2851443932252816,0.28195218253236165
2023-02-14,21711.39,-0.31623485121041883,-0.04224982882271999
2023-02-15,22103.49,-0.22557940326996762,0.024336902968657093
2023-02-16,24583.39,-0.9977178285985107,0.3398788091272371
2023-02-17,23799.41,-1.0179280730186049,0.3073151075399818
2023-02-20,24461.570247327025,-0.18202251385981993,0.12153500881272161
2023-02-21,24691.696065820965,-0.23674612503893444,-0.034932458194893545
2023-02-22,23968.146664904347,-0.1958821940090818,0.02494423502352383
2023-02-23,24411.319378527194,-0.2254742749602061,0.14477868326253662
2023-02-24,23901.8173944312,-0.33045223609161845,0.20293544341372072
2023-02-27,23356.430711147917,-0.29042929000718853,0.22557236377169199
2023-02-28,23262.41147192138,-0.2695834444018621,0.21397987749967795
2023-03-01,23871.9812286615,-0.039663616941199464,0.08819308702533868
2023-03-02,23443.91912066573,-0.050773469670907456,0.033204089680568316
2023-03-03,22437.543307641336,-0.2189296671390084,0.019617930957974705
2023-03-06,22415.652468180426,-0.1905270239392488,-0.08227870441012919
2023-03-07,22419.314273993885,-0.17176162754467106,0.01405888071171879
2023-03-08,21988.81167674168,-0.22154830574945117,-0.09120353310377394
2023-03-09,21677.66650933247,-0.30752852081211746,-0.1371268498609639
2023-03-10,19959.12725367244,-0.35043053480273634,-0.42049149824828236
2023-03-13,22253.88554545596,-0.9468163713435558,-0.0021758817255981278
2023-03-14,24349.969512807616,-1.0026693000962879,0.5238540671592542
2023-03-15,24873.29480313295,-0.8912318000946562,0.21376034189297988
2023-03-16,24661.60245099705,-0.9616833719934088,0.393161574668619
2023-03-17,26054.139347411216,-0.3537203360210115,0.2780453568885113
2023-03-20,28407.311347000417,-0.08114469180854522,0.470453382769088
2023-03-21,27746.11487112437,-0.3391071416266893,0.5023352903294684
2023-03-22,28154.80883343579,-0.04168263198907729,0.3190103403196356
2023-03-23,27720.113527350244,-0.5967720881464653,0.38185961562224424
2023-03-24,28105.835366706666,-0.180551176909443,0.34474192546122806
2023-03-27,27867.537946189903,-0.16364416462060438,0.1779794584925325
2023-03-28,27034.85395972381,-0.32901378293522954,0.031968489356191565
2023-03-29,28513.800918452467,-0.04040521357021465,0.29024891349106907
2023-03-30,28584.036959627363,0.13055044195190102,0.25891552181681265
2023-03-31,27809.75359727564,-0.14615690903736622,0.399046775497341
2023-04-03,28348.05023901505,-0.008524992408568854,0.23319779561563392
2023-04-04,28110.629626592785,-0.045317839203512955,0.14201480517056653
2023-04-05,28559.04775264288,0.026267982974456316,0.3656857457401521
2023-04-06,27963.93490998073,-0.10062637256105056,0.21074297978911005
2023-04-07,27834.345097813235,-0.1657391682173157,0.23288883439410735
2023-04-10,28314.792910605534,0.0442938720815067,0.20237646770810613
2023-04-11,30115.3440376058,0.15139869895070146,0.23814127146521624
2023-04-12,29940.971167434305,0.028871356464495346,0.0671477826239042
2023-04-13,30216.24808086092,0.09167496933921637,0.19978272785483986
2023-04-14,30747.096897901654,0.0845977601196346,0.270619795935811
2023-04-17,29937.8538191268,0.036684800456823874,0.10372357678735655
2023-04-18,29721.97134174329,0.08303394286151056,0.13266200577355391
2023-04-19,29180.799187871133,0.021554992374908988,0.006799995933866931
2023-04-20,28837.90638827115,-0.17021312399639088,0.11539803462320442
2023-04-21,28072.43387691823,-0.16596277000279114,-0.02564328059421328
2023-04-24,27190.330635192244,-0.143837657692928,-0.06783614944175409
2023-04-25,27432.77092613746,-0.10959993226440279,-0.08254571635972208
2023-04-26,28747.353419457897,-0.05566547349496975,0.009846264005145766
2023-04-27,28966.882920279568,0.07148059858962774,0.13925556787072635
2023-04-28,29262.37160155154,0.03678698435314143,0.11253869614893097
2023-05-01,28580.18704601893,-0.011154312546593492,-0.01933224830930369
2023-05-02,28034.736246252967,-0.01860151739447291,-0.03557715677663098
2023-05-03,28725.033570196774,0.014729967055050808,-0.006043005855479233
2023-05-04,29122.69721179212,0.15493244491396074,0.1402890077624802
2023-05-05,29097.955627664567,0.0693345597951035,0.17979437646277785
2023-05-08,27741.639410836564,-0.0215266684882226,0.043594121608271474
2023-05-09,27591.14432194229,0.015625229678073782,0.032106895412367886
2023-05-10,27581.79657240725,0.009735604744606441,-0.09202258588928558
2023-05-11,27405.837187045177,-0.10972150489321275,-0.038860086060192534
2023-05-12,26298.290477009003,-0.08929473188789205,-0.1543265906486314
2023-05-15,27446.659826043528,-0.028017826186323536,0.048107811227228514
2023-05-16,27211.27653390584,0.005992546383270625,0.10798826844066833
2023-05-17,26817.56390264063,-0.038516086305316444,0.0217163979048286
2023-05-18,27393.67202661134,-0.04984235933743897,0.08340776708155784
2023-05-19,26891.35289476197,-0.12973001736030643,0.08069959295209672
2023-05-22,26833.456512794717,-0.06005312391993306,-0.05827121541897984
2023-05-23,27336.334015072367,0.015074167787969439,-0.029501632612627282
2023-05-24,26748.78163848524,-0.010764663527028207,-0.09372512702060765
2023-05-25,26222.810255706223,-0.07084257634649704,-0.20140082268996173
2023-05-26,26474.94797849537,-0.0880975265409738,-0.08472316447255723
2023-05-29,27906.38141396989,-0.022169682652998346,-0.01893353650347418
2023-05-30,27794.634568744437,-0.03655329367152038,-0.02951211599211423
2023-05-31,27145.78128298561,-0.09980865406671213,-0.0922129000128088
2023-06-01,26919.84199165872,-0.146230236678201,-0.08200989377283807
2023-06-02,27175.782655738272,-0.14455725331532904,0.02778087980468924
2023-06-05,26810.355269581447,-0.11652145307185535,0.054831896167852445
2023-06-06,25716.68516652325,-0.3193234433766208,0.13056998988548896
2023-06-07,26826.592894570327,-0.2025438370746674,0.19404774918613954
2023-06-08,26444.847115365148,-0.25052447325605764,0.09653443552810537
2023-06-09,26648.54705142264,-0.3100487733767525,0.17413407596175623
2023-06-12,25951.545918561136,-0.21262745296354346,-0.03776440508018497
2023-06-13,26178.02459706886,-0.16188544583414466,-0.07201822528577251
2023-06-14,25924.756124767264,-0.19119690920701427,0.024725099381453286
2023-06-15,24876.838069663096,-0.22547736779970523,-0.1849021670114186
2023-06-16,25520.652389580748,-0.24678937649309834,-0.0666310345277461
2023-06-19,26406.995877411824,-0.09189344476004857,0.05101784523498165
2023-06-20,26745.57561106672,-0.0534557652788058,0.06422898925518761
2023-06-21,28823.352482442537,0.09704740666876666,0.01819738701907092
2023-06-22,30098.95974616173,-0.07931410343768008,0.14636831033286546
2023-06-23,30018.64635616885,-0.16725372936254046,0.2290122085673223
2023-06-26,30405.641896607263,-0.05335095468200257,0.11869427621250783
2023-06-27,30388.55652247796,-0.07780196985465171,0.19599068640655692
2023-06-28,30281.794093408487,-0.15404999333270641,0.22117395992945843
2023-06-29,30389.430928332647,-0.12231749323280983,0.2559030786403469
2023-06-30,30870.46498566269,-0.0918042931994778,0.34875125635603976
2023-07-03,30644.68053472913,0.02261874183808643,0.3405990763592045
2023-07-04,30936.311157914894,0.010680519565007818,0.3120848808666
2023-07-05,30760.31773677592,-0.10100974957805131,0.33110811811994634
2023-07-06,31344.66245288249,-0.08928315922199415,0.2003247916568529
2023-07-07,30059.09420764044,-0.10082293070427661,0.2345110466208601
2023-07-10,30100.90968227236,-0.18287401316577856,0.18830819639919982
2023-07-11,30498.359210224484,-0.11726343135357598,0.2605539563867485
2023-07-12,30733.78,0.004159775654688058,0.2320183525281314
2023-07-13,30411.652819608335,-0.12086862227894746,0.2523957910425092
2023-07-14,31251.523683071868,-0.016799199020795297,0.3414734195086495
2023-07-17,30272.6516066901,-0.07127477868956666,0.17683218073789486
2023-07-18,30024.642022148146,-0.059380174407945185,0.1589400466452069
2023-07-19,29924.964791139777,-0.0920775388812125,0.16920810631767358
2023-07-20,30267.35836110711,-0.04863910957279283,0.23104562582903332
2023-07-21,29824.576083015698,-0.054930344641033524,0.23925403689608715
2023-07-24,29757.4234080457,-0.07785197311067871,0.24131934205947103
2023-07-25,29183.49193393104,-0.12288570576503771,0.24066333236965365
2023-07-26,29213.82163604343,-0.1037204959750499,0.23684206666687824
2023-07-27,29506.349256709524,-0.10829135624822184,0.2695388222048945
2023-07-28,29144.432913631987,-0.13664451693592233,0.2967978765873837
2023-07-31,29388.91975890976,-0.17873945181665207,0.24227235789929058
2023-08-01,28984.642061952414,-0.20468699906829674,0.20558095127695775
2023-08-02,29478.675984043133,-0.1587593050611762,0.2823787964071589
2023-08-03,29114.821367162585,-0.18992036920257016,0.2829626141804594
2023-08-04,29152.941252775607,-0.16157742699141991,0.32795454344994546
2023-08-07,29011.00395815628,-0.16872545552474866,0.2840709838580119
2023-08-08,29147.08294712828,-0.15887009586681322,0.29767451521099664
2023-08-09,29823.98991655475,-0.018080298480976364,0.2637927407939564
2023-08-10,29486.94476865741,-0.067137674431612,0.2954384199736249
2023-08-11,29374.36685527913,-0.20041763062406193,0.34410704618192256
2023-08-14,29393.642382576203,-0.19320981882746452,0.37251168415909075
2023-08-15,29384.815096752216,-0.13444229608991987,0.35618018182673544
2023-08-16,29143.714622634558,-0.11857625733897581,0.2446926181000425
2023-08-17,28517.46796218433,-0.17097766143890802,0.19918867265219342
2023-08-18,26580.658333657306,-0.35766649063888056,0.22755596620738405
2023-08-21,26050.44733264709,-0.31610528229456614,0.1190164620803631
2023-08-22,26063.94018554621,-0.31276364051640615,0.1119796723401264
2023-08-23,26025.146311826167,-0.3175171942403231,0.16893716705209094
2023-08-24,26491.163516278066,-0.19630483746646443,0.2385947051531112
2023-08-25,26089.642120194312,-0.23045547926626642,0.22316934426311896
2023-08-28,25953.13618666291,-0.3001427414915334,0.20519609802750693
2023-08-29,25950.84641040107,-0.26738515663830154,0.19498512436958781
2023-08-30,27478.32896305633,-0.5594596316046645,0.6151572379928716
2023-08-31,27236.298810791683,-0.6018430358676139,0.5564243994648922
2023-09-01,25997.30764485375,-0.803713638594884,0.4641638385909014
2023-09-04,25975.821831083333,-0.7266703157963776,0.3150565333250407
2023-09-05,25693.66,-0.7299452764909612,0.18768950002033902
2023-09-06,25736.075990332527,-0.643219316418641,0.2536829940928569
2023-09-07,25730.833808149266,-0.6196761997143256,0.21242419279212832
2023-09-08,26192.72017879334,-0.4820563564588185,0.35774894771702725
2023-09-11,25795.80302742256,-0.45633288356030627,0.12458533142417372
2023-09-12,25764.97329947501,-0.37647395014881097,0.16512950937133186
2023-09-13,25951.55289269454,-0.18299774354010545,0.1137023268941777
2023-09-14,26308.015497655648,-0.2812248353190274,0.26235969557591643
2023-09-15,26638.98567500725,-0.3139715450537722,0.2728254131706357
2023-09-18,26733.721638721625,-0.13531368053136283,0.18324117782369964
2023-09-19,27068.941246790662,-0.06891847778344906,0.17161151512923056
2023-09-20,27183.35450827509,-0.01450077440716202,0.19207634880048763
2023-09-21,26925.26711487821,-0.03462822717911218,0.18266516535814714
2023-09-22,26671.391596607296,-0.11018275223810281,0.2041851835236228
2023-09-25,26136.02000770582,-0.17724287570095953,0.16903612666931445
2023-09-26,26263.680271503254,-0.17150894217857782,0.11479926921127492
2023-09-27,26240.72646477752,-0.19565938012235157,0.159368959732606
2023-09-28,26385.121392665595,-0.17674334746938253,0.17350328269675763
2023-09-29,27010.747392538546,-0.1901308550108493,0.19219735044993147
2023-10-02,28296.43650395216,-0.10381274416528624,0.2048954050063594
2023-10-03,27598.092509995087,-0.19510176009801738,0.21427376423649658
2023-10-04,27516.43245837464,-0.2261125952507449,0.16701435998587255
2023-10-05,27653.248171446907,,
2023-10-06,27626.70955838299,,
2023-10-09,27759.67002805153,,
2023-10-10,27680.442214427712,,
2023-10-11,27106.46699051012,,
2023-10-12,26794.925746016645,,
2023-10-13,26792.37489345077,,
2023-10-16,27823.124732620592,,
2023-10-17,28459.512405619564,,
2023-10-18,28568.84748643681,,
2023-10-19,28333.789905279336,,
2023-10-20,29753.72973790632,,
2023-10-23,30707.043325594863,,
2023-10-24,34132.22445976201,,
2023-10-25,33956.24822396483,,
2023-10-26,34538.473916754134,,
2023-10-27,34096.59988222597,,
2023-10-30,34392.13967147557,,
2023-10-31,34412.46827825777,,
2023-11-01,34446.89357326149,,
2023-11-02,35312.10014812823,,
